REM INSERTING into CAPTAIN
Insert into CAPTAIN (CAPT_ID,LICENSE_GRADE,FNAME,LNAME,DOB) values ('001-01',3,'Robert','Sourchie',to_date('01-MAY-45','DD-MON-RR'));
Insert into CAPTAIN (CAPT_ID,LICENSE_GRADE,FNAME,LNAME,DOB) values ('001-23',1,'Cliff','Walker',to_date('01-FEB-72','DD-MON-RR'));
Insert into CAPTAIN (CAPT_ID,LICENSE_GRADE,FNAME,LNAME,DOB) values ('001-24',1,'John','Smith',to_date('12-JAN-57','DD-MON-RR'));
Insert into CAPTAIN (CAPT_ID,LICENSE_GRADE,FNAME,LNAME,DOB) values ('002-14',2,'Sal','Levine',to_date('20-FEB-56','DD-MON-RR'));
Insert into CAPTAIN (CAPT_ID,LICENSE_GRADE,FNAME,LNAME,DOB) values ('002-15',1,'Henry','Moore',to_date('15-JAN-57','DD-MON-RR'));
Insert into CAPTAIN (CAPT_ID,LICENSE_GRADE,FNAME,LNAME,DOB) values ('003-01',3,'James','Westmoreland',to_date('12-FEB-72','DD-MON-RR'));
Insert into CAPTAIN (CAPT_ID,LICENSE_GRADE,FNAME,LNAME,DOB) values ('003-02',1,'Earl','Gray',to_date('17-MAR-65','DD-MON-RR'));
Insert into CAPTAIN (CAPT_ID,LICENSE_GRADE,FNAME,LNAME,DOB) values ('004-01',2,'Otheno','Vollage',to_date('16-NOV-62','DD-MON-RR'));
Insert into CAPTAIN (CAPT_ID,LICENSE_GRADE,FNAME,LNAME,DOB) values ('004-02',1,'Marcia','Nesmith',to_date('01-MAY-57','DD-MON-RR'));
Insert into CAPTAIN (CAPT_ID,LICENSE_GRADE,FNAME,LNAME,DOB) values ('011-11',2,'Phillip','Levinchuck',to_date('02-MAR-62','DD-MON-RR'));
Insert into CAPTAIN (CAPT_ID,LICENSE_GRADE,FNAME,LNAME,DOB) values ('001-25',2,'Mark','Smith',to_date('17-MAY-73','DD-MON-RR'));
Insert into CAPTAIN (CAPT_ID,LICENSE_GRADE,FNAME,LNAME,DOB) values ('004-03',1,'Paul','Rice',to_date('10-SEP-77','DD-MON-RR'));
REM INSERTING into DISTANCE
Insert into DISTANCE (ORIGIN,DESTINATION,MILES,DAYS) values ('BOSTON','BRAZIL',2500,4);
Insert into DISTANCE (ORIGIN,DESTINATION,MILES,DAYS) values ('BOSTON','LONDON',3000,5);
Insert into DISTANCE (ORIGIN,DESTINATION,MILES,DAYS) values ('BOSTON','SEATTLE',6000,7);
Insert into DISTANCE (ORIGIN,DESTINATION,MILES,DAYS) values ('BOSTON','SINGAPORE',5000,5);
Insert into DISTANCE (ORIGIN,DESTINATION,MILES,DAYS) values ('BRAZIL','BOSTON',2600,5);
Insert into DISTANCE (ORIGIN,DESTINATION,MILES,DAYS) values ('LONDON','BOSTON',3000,5);
Insert into DISTANCE (ORIGIN,DESTINATION,MILES,DAYS) values ('LONDON','SEATTLE',9000,12);
Insert into DISTANCE (ORIGIN,DESTINATION,MILES,DAYS) values ('SEATTLE','BOSTON',6000,7);
Insert into DISTANCE (ORIGIN,DESTINATION,MILES,DAYS) values ('SEATTLE','LONDON',9000,12);
Insert into DISTANCE (ORIGIN,DESTINATION,MILES,DAYS) values ('SINGAPORE','BOSTON',5000,5);
REM INSERTING into ITEM
Insert into ITEM (ITEM_NO,ITEM_TYPE,DESCRIPTION,WEIGHT) values ('2101','FP','Beans',500);
Insert into ITEM (ITEM_NO,ITEM_TYPE,DESCRIPTION,WEIGHT) values ('2109','FP','Corn Meal',200);
Insert into ITEM (ITEM_NO,ITEM_TYPE,DESCRIPTION,WEIGHT) values ('2123','FP','Rice',300);
Insert into ITEM (ITEM_NO,ITEM_TYPE,DESCRIPTION,WEIGHT) values ('2125','FP','Oats',335);
Insert into ITEM (ITEM_NO,ITEM_TYPE,DESCRIPTION,WEIGHT) values ('3212','BL','Cement',2000);
Insert into ITEM (ITEM_NO,ITEM_TYPE,DESCRIPTION,WEIGHT) values ('3223','BL','Concrete Forms',500);
Insert into ITEM (ITEM_NO,ITEM_TYPE,DESCRIPTION,WEIGHT) values ('3297','BL','Steel Beam',2000);
Insert into ITEM (ITEM_NO,ITEM_TYPE,DESCRIPTION,WEIGHT) values ('3299','BL','Small Steel Plate',750);
Insert into ITEM (ITEM_NO,ITEM_TYPE,DESCRIPTION,WEIGHT) values ('4521','WP','5/8" Plywood - 200 sheets/pallet',800);
Insert into ITEM (ITEM_NO,ITEM_TYPE,DESCRIPTION,WEIGHT) values ('4532','WP','Beam',100);
Insert into ITEM (ITEM_NO,ITEM_TYPE,DESCRIPTION,WEIGHT) values ('4533','WP','2X4X8 Pine Boards',250);
Insert into ITEM (ITEM_NO,ITEM_TYPE,DESCRIPTION,WEIGHT) values ('4534','WP','3/4" Plywood - 200 sheets/pallet',1200);
Insert into ITEM (ITEM_NO,ITEM_TYPE,DESCRIPTION,WEIGHT) values ('7821','AUTO','Toyota Camry',2000);
Insert into ITEM (ITEM_NO,ITEM_TYPE,DESCRIPTION,WEIGHT) values ('7823','AUTO','Mercury Sable',2500);
Insert into ITEM (ITEM_NO,ITEM_TYPE,DESCRIPTION,WEIGHT) values ('7829','AUTO','Mercedes',2550);
Insert into ITEM (ITEM_NO,ITEM_TYPE,DESCRIPTION,WEIGHT) values ('7830','AUTO','Honda Accord',1960);
REM INSERTING into MANUFACTURER
Insert into MANUFACTURER (MANUFACTURER_ID,NAME,CITY,STATE,REP_ID,BID_PREFERENCE) values ('210','United Ship Builders','Bath','ME',null,null);
Insert into MANUFACTURER (MANUFACTURER_ID,NAME,CITY,STATE,REP_ID,BID_PREFERENCE) values ('211','General Ship Builders','San Diego','CA',null,null);
Insert into MANUFACTURER (MANUFACTURER_ID,NAME,CITY,STATE,REP_ID,BID_PREFERENCE) values ('212','Master Dynamics','Bridgeport','CT',null,null);
Insert into MANUFACTURER (MANUFACTURER_ID,NAME,CITY,STATE,REP_ID,BID_PREFERENCE) values ('213','Asia West Ship Builders','Hong Kong',null,null,null);
Insert into MANUFACTURER (MANUFACTURER_ID,NAME,CITY,STATE,REP_ID,BID_PREFERENCE) values ('214','Pacific Ship Builders','Fairbanks','AK',null,null);
Insert into MANUFACTURER (MANUFACTURER_ID,NAME,CITY,STATE,REP_ID,BID_PREFERENCE) values ('215','Best Industries','Seattle','WA',null,null);
Insert into MANUFACTURER (MANUFACTURER_ID,NAME,CITY,STATE,REP_ID,BID_PREFERENCE) values ('216','Union Corp','Buffalo','NY',null,null);
REM INSERTING into SHIP
Insert into SHIP (SHIP_NO,CLASS,CAPACITY,PURCH_DATE,MANUFACTURER_ID) values ('1',1,100000,to_date('25-JAN-65','DD-MON-RR'),'212');
Insert into SHIP (SHIP_NO,CLASS,CAPACITY,PURCH_DATE,MANUFACTURER_ID) values ('5',1,120000,to_date('20-JAN-69','DD-MON-RR'),'212');
Insert into SHIP (SHIP_NO,CLASS,CAPACITY,PURCH_DATE,MANUFACTURER_ID) values ('6',1,500000,to_date('07-MAR-69','DD-MON-RR'),'212');
Insert into SHIP (SHIP_NO,CLASS,CAPACITY,PURCH_DATE,MANUFACTURER_ID) values ('11',2,50000,to_date('30-JAN-71','DD-MON-RR'),'210');
Insert into SHIP (SHIP_NO,CLASS,CAPACITY,PURCH_DATE,MANUFACTURER_ID) values ('10',3,20000,to_date('15-MAR-75','DD-MON-RR'),'210');
Insert into SHIP (SHIP_NO,CLASS,CAPACITY,PURCH_DATE,MANUFACTURER_ID) values ('16',2,75000,to_date('01-NOV-75','DD-MON-RR'),'215');
Insert into SHIP (SHIP_NO,CLASS,CAPACITY,PURCH_DATE,MANUFACTURER_ID) values ('25',3,15000,to_date('02-NOV-79','DD-MON-RR'),'213');
Insert into SHIP (SHIP_NO,CLASS,CAPACITY,PURCH_DATE,MANUFACTURER_ID) values ('35',2,55000,to_date('01-DEC-89','DD-MON-RR'),'211');
Insert into SHIP (SHIP_NO,CLASS,CAPACITY,PURCH_DATE,MANUFACTURER_ID) values ('37',1,250000,to_date('02-DEC-90','DD-MON-RR'),'216');
Insert into SHIP (SHIP_NO,CLASS,CAPACITY,PURCH_DATE,MANUFACTURER_ID) values ('39',1,500000,to_date('03-DEC-91','DD-MON-RR'),'211');
REM INSERTING into SHIPMENT
Insert into SHIPMENT (SHIPMENT_ID,SHIP_NO,CAPT_ID,SHIPMENT_DATE,ORIGIN,DESTINATION,ARRIVAL_DATE) values ('09-0001','25','001-25',to_date('12-MAR-16','DD-MON-RR'),'SEATTLE','BOSTON',to_date('19-MAR-16','DD-MON-RR'));
Insert into SHIPMENT (SHIPMENT_ID,SHIP_NO,CAPT_ID,SHIPMENT_DATE,ORIGIN,DESTINATION,ARRIVAL_DATE) values ('09-0002','1','004-03',to_date('15-APR-16','DD-MON-RR'),'BOSTON','SINGAPORE',to_date('20-APR-16','DD-MON-RR'));
Insert into SHIPMENT (SHIPMENT_ID,SHIP_NO,CAPT_ID,SHIPMENT_DATE,ORIGIN,DESTINATION,ARRIVAL_DATE) values ('09-0003','11','003-01',to_date('01-JUN-16','DD-MON-RR'),'BRAZIL','BOSTON',to_date('07-JUN-16','DD-MON-RR'));
Insert into SHIPMENT (SHIPMENT_ID,SHIP_NO,CAPT_ID,SHIPMENT_DATE,ORIGIN,DESTINATION,ARRIVAL_DATE) values ('09-0004','5','002-14',to_date('10-JUL-16','DD-MON-RR'),'LONDON','SEATTLE',to_date('22-JUL-16','DD-MON-RR'));
Insert into SHIPMENT (SHIPMENT_ID,SHIP_NO,CAPT_ID,SHIPMENT_DATE,ORIGIN,DESTINATION,ARRIVAL_DATE) values ('09-0005','1','002-15',to_date('19-SEP-16','DD-MON-RR'),'BOSTON','BRAZIL',to_date('23-SEP-16','DD-MON-RR'));
Insert into SHIPMENT (SHIPMENT_ID,SHIP_NO,CAPT_ID,SHIPMENT_DATE,ORIGIN,DESTINATION,ARRIVAL_DATE) values ('10-0001','1','001-23',to_date('15-JAN-17','DD-MON-RR'),'BOSTON','LONDON',to_date('21-JAN-17','DD-MON-RR'));
Insert into SHIPMENT (SHIPMENT_ID,SHIP_NO,CAPT_ID,SHIPMENT_DATE,ORIGIN,DESTINATION,ARRIVAL_DATE) values ('10-0002','5','001-01',to_date('15-JAN-17','DD-MON-RR'),'SEATTLE','LONDON',to_date('21-JAN-17','DD-MON-RR'));
Insert into SHIPMENT (SHIPMENT_ID,SHIP_NO,CAPT_ID,SHIPMENT_DATE,ORIGIN,DESTINATION,ARRIVAL_DATE) values ('10-0003','11','002-14',to_date('18-JAN-17','DD-MON-RR'),'BOSTON','LONDON',to_date('30-JAN-17','DD-MON-RR'));
Insert into SHIPMENT (SHIPMENT_ID,SHIP_NO,CAPT_ID,SHIPMENT_DATE,ORIGIN,DESTINATION,ARRIVAL_DATE) values ('10-0004','39','001-24',to_date('13-MAR-17','DD-MON-RR'),'BOSTON','LONDON',to_date('18-MAR-17','DD-MON-RR'));
Insert into SHIPMENT (SHIPMENT_ID,SHIP_NO,CAPT_ID,SHIPMENT_DATE,ORIGIN,DESTINATION,ARRIVAL_DATE) values ('11-0001','39','002-15',to_date('10-JUN-18','DD-MON-RR'),'BOSTON','BRAZIL',to_date('14-JUN-18','DD-MON-RR'));
Insert into SHIPMENT (SHIPMENT_ID,SHIP_NO,CAPT_ID,SHIPMENT_DATE,ORIGIN,DESTINATION,ARRIVAL_DATE) values ('11-0002','37','004-01',to_date('15-JUL-18','DD-MON-RR'),'BRAZIL','BOSTON',to_date('19-JUL-18','DD-MON-RR'));
Insert into SHIPMENT (SHIPMENT_ID,SHIP_NO,CAPT_ID,SHIPMENT_DATE,ORIGIN,DESTINATION,ARRIVAL_DATE) values ('11-0003','10','003-01',to_date('20-AUG-18','DD-MON-RR'),'BOSTON','SEATTLE',to_date('31-AUG-18','DD-MON-RR'));
Insert into SHIPMENT (SHIPMENT_ID,SHIP_NO,CAPT_ID,SHIPMENT_DATE,ORIGIN,DESTINATION,ARRIVAL_DATE) values ('11-0004','16','001-24',to_date('01-SEP-18','DD-MON-RR'),'SEATTLE','LONDON',to_date('14-SEP-18','DD-MON-RR'));
Insert into SHIPMENT (SHIPMENT_ID,SHIP_NO,CAPT_ID,SHIPMENT_DATE,ORIGIN,DESTINATION,ARRIVAL_DATE) values ('11-0005','5','004-02',to_date('15-SEP-18','DD-MON-RR'),'BOSTON','SEATTLE',to_date('23-SEP-18','DD-MON-RR'));
Insert into SHIPMENT (SHIPMENT_ID,SHIP_NO,CAPT_ID,SHIPMENT_DATE,ORIGIN,DESTINATION,ARRIVAL_DATE) values ('11-0006','6','003-02',to_date('17-SEP-18','DD-MON-RR'),'LONDON','SEATTLE',to_date('28-SEP-18','DD-MON-RR'));
REM INSERTING into SHIPMENT_LINE
Insert into SHIPMENT_LINE (SHIPMENT_ID,ITEM_NO,QUANTITY) values ('09-0001','3223',100);
Insert into SHIPMENT_LINE (SHIPMENT_ID,ITEM_NO,QUANTITY) values ('09-0001','3297',87);
Insert into SHIPMENT_LINE (SHIPMENT_ID,ITEM_NO,QUANTITY) values ('09-0001','3299',34);
Insert into SHIPMENT_LINE (SHIPMENT_ID,ITEM_NO,QUANTITY) values ('09-0002','3212',100);
Insert into SHIPMENT_LINE (SHIPMENT_ID,ITEM_NO,QUANTITY) values ('09-0002','3223',50);
Insert into SHIPMENT_LINE (SHIPMENT_ID,ITEM_NO,QUANTITY) values ('09-0003','2101',432);
Insert into SHIPMENT_LINE (SHIPMENT_ID,ITEM_NO,QUANTITY) values ('09-0003','2123',34);
Insert into SHIPMENT_LINE (SHIPMENT_ID,ITEM_NO,QUANTITY) values ('09-0003','2109',1000);
Insert into SHIPMENT_LINE (SHIPMENT_ID,ITEM_NO,QUANTITY) values ('09-0003','2125',200);
Insert into SHIPMENT_LINE (SHIPMENT_ID,ITEM_NO,QUANTITY) values ('09-0004','3212',10);
Insert into SHIPMENT_LINE (SHIPMENT_ID,ITEM_NO,QUANTITY) values ('09-0004','3223',5);
Insert into SHIPMENT_LINE (SHIPMENT_ID,ITEM_NO,QUANTITY) values ('09-0005','3297',42);
Insert into SHIPMENT_LINE (SHIPMENT_ID,ITEM_NO,QUANTITY) values ('09-0005','7821',5);
Insert into SHIPMENT_LINE (SHIPMENT_ID,ITEM_NO,QUANTITY) values ('09-0005','7823',45);
Insert into SHIPMENT_LINE (SHIPMENT_ID,ITEM_NO,QUANTITY) values ('10-0001','7829',3);
Insert into SHIPMENT_LINE (SHIPMENT_ID,ITEM_NO,QUANTITY) values ('10-0001','7830',100);
Insert into SHIPMENT_LINE (SHIPMENT_ID,ITEM_NO,QUANTITY) values ('10-0001','7821',10);
Insert into SHIPMENT_LINE (SHIPMENT_ID,ITEM_NO,QUANTITY) values ('10-0002','4521',100);
Insert into SHIPMENT_LINE (SHIPMENT_ID,ITEM_NO,QUANTITY) values ('10-0002','4533',1000);
Insert into SHIPMENT_LINE (SHIPMENT_ID,ITEM_NO,QUANTITY) values ('10-0002','4532',100);
Insert into SHIPMENT_LINE (SHIPMENT_ID,ITEM_NO,QUANTITY) values ('10-0003','4534',300);
Insert into SHIPMENT_LINE (SHIPMENT_ID,ITEM_NO,QUANTITY) values ('10-0003','4521',100);
Insert into SHIPMENT_LINE (SHIPMENT_ID,ITEM_NO,QUANTITY) values ('10-0004','2101',1000);
Insert into SHIPMENT_LINE (SHIPMENT_ID,ITEM_NO,QUANTITY) values ('10-0004','2109',800);
Insert into SHIPMENT_LINE (SHIPMENT_ID,ITEM_NO,QUANTITY) values ('10-0004','2125',56);
Insert into SHIPMENT_LINE (SHIPMENT_ID,ITEM_NO,QUANTITY) values ('11-0001','4521',10);
Insert into SHIPMENT_LINE (SHIPMENT_ID,ITEM_NO,QUANTITY) values ('11-0001','4532',100);
Insert into SHIPMENT_LINE (SHIPMENT_ID,ITEM_NO,QUANTITY) values ('11-0002','4534',15);
Insert into SHIPMENT_LINE (SHIPMENT_ID,ITEM_NO,QUANTITY) values ('11-0002','4533',100);
Insert into SHIPMENT_LINE (SHIPMENT_ID,ITEM_NO,QUANTITY) values ('11-0003','7829',1000);
Insert into SHIPMENT_LINE (SHIPMENT_ID,ITEM_NO,QUANTITY) values ('11-0004','3223',150);
Insert into SHIPMENT_LINE (SHIPMENT_ID,ITEM_NO,QUANTITY) values ('11-0004','3297',10);
Insert into SHIPMENT_LINE (SHIPMENT_ID,ITEM_NO,QUANTITY) values ('11-0005','2101',100);
Insert into SHIPMENT_LINE (SHIPMENT_ID,ITEM_NO,QUANTITY) values ('11-0005','2109',1000);
Insert into SHIPMENT_LINE (SHIPMENT_ID,ITEM_NO,QUANTITY) values ('11-0006','2125',345);
Insert into SHIPMENT_LINE (SHIPMENT_ID,ITEM_NO,QUANTITY) values ('11-0006','7830',30);

